<?xml version="1.0" encoding="UTF-8"?>
<!DOCTYPE suite SYSTEM "http://testng.org/testng-1.0.dtd">
<suite name="Suite">
<listeners>
      <listener class-name="org.uncommons.reportng.HTMLReporter"/>
      <listener class-name="org.uncommons.reportng.JUnitXMLReporter"/>
  </listeners>
  <test name="Test">
  <groups>
	  <run>
	  	<include name="SmokeTest"></include>
	  	
	  </run>  
  </groups>
    <classes>
      <class name="testScripts.Senario_login"/>
      <class name="testScripts.Search_Scenario"/>
    </classes>
  </test> <!-- Test -->
</suite> <!-- Suite -->
